Зимин,Ипполит
Двойнева,Эмилия
Махнёв,Сократ
Феднова,Регина
Варфоломеева,Марина
Брынскиха,Нона
Косма,Марк
Мартьянова,Маргарита
Нустрова,Каролина
Копейкин,Никита
Липина,Ефросиния
Семерикова,Людмила
Скороходова,Юнона
Лагутов,Марк
Токмаков,Матвейx
Хребтов,Александр
Трутнев,Петр
Демченко,Самсон
Нилина,Лада
Шишкарёв,Владимир
Козырева,Софья
Астафьева,Лилия
Казьмина,Екатерина
Цуканова,Яна
Яимов,Серафим
Доронина,Фаина
Моряков,Мирослав
Каблуков,Никанор
Челомеева,Зоя
Папилов,Адриан
Урбановский,Лукьян
Мирзoян,Александр
Каде,Савелий
Бебчук,Потап
Абрашина,Лада
Мандрыка,Христина
Гайдученко,Мартын
Зимина,Алина
Оскорбина,Лада
Домаш,Феликс
Горюнов,Мирон
Яковцов,Филимон
Гусева,Владлена
Кирхенштейна,Мирослава
Власьев,Клавдий
Яновицкий,Никон
Наполов,Лавр
Набойщикова,Доминика
Астрединов,Фока
Климова,Анисья
Москвин,Алексей
Ящук,Эрнест
Радыгина,Рада
Шаляпин,Клавдий
Браславец,Юлий
Сочинский,Викентий
Прудникова,Анастасия
Ясаманов,Порфирий
Паршина,Диана
Парамонов,Анатолий
Виноградов,Мир
Чечёткин,Тимофей
Кутепов,Иосиф
Вахров,Мстислав
Шайнюк,Варфоломей
Оленев,Иннокентий
Науменко,Изольда
Цыркунова,Дарья
Милютин,Максимильян
Дагирова,Майя
Аверин,Моисей
Фотина,Таисия
Вотякова,Анисья
Югов,Ираклий
Каприянов,Андриян
Чекина,Вероника
Дорогова,Светлана
Мадулин,Ипполит
Пишенина,Раиса
Капралова,Розалия
Аносов,Семён
Тихоненко,Ульяна
Новиков,Мартын
Мизенова,Анфиса
Пономарёва,Агафья
Соколова,Анастасия
Кузьмина,Наталия
Щербакова,Анисья
Брежнева,Владислава
Соболев,Валерьян
Евлентьев,Порфирий
Эзрина,Ксения
Голодяева,Зоя
Глинина,Фаина
Курдикова,Кира
Вергунов,Лавр
Хабибова,Маргарита
Успенский,Иосиф
Липина,Юлия
Ефремова,Клара